{"weights": [[[0.35742129537783746, 0.358540975052319, 0.3183883389369546], [0.07551998196194214, -0.06885077673026309, 0.7389906704265297], [1.017414206422243, -0.09442615957128078, 0.43717161638924323], [0.2590362213167838, -0.009940126377833878, 1.360824510450386], [-0.1402078667864866, 0.8771111105896554, 0.6191775278577525]], [[0.6472112369076154, 0.860394287594533, 0.6584113269685402, -0.48106805891718873, -0.7271980254200953], [0.27995645079949316, 0.9918535251428083, -0.2036105849594742, -0.9595604682537867, 0.8713560079273637], [-0.1096550808259081, 0.04343284214917423, -0.3335651679520339, 0.9608848895501654, -0.10109622995504801], [0.25709683907691394, 0.06106551873869938, 0.3492841770629084, -0.4891744958395213, 0.3631215668615355]]], "biases": [[0, 0, 0, 0, 0], [0, 0, 0, 0, 0]], "activation_functions": ["relu", "linear"]}